Responsable,N°,Institution ,Country,Type of School,Format,"Master in Marketing
(Yes - No) ",Url - Master in Marketing 
Pilar,1,Aalto University,"Aalto, Finland",Private,EU-ME-AF,Si,https://www.aalto.fi/en/study-options/marketing-master-of-science-economics-and-business-administration
Pilar,2,Abilene Christian University,"Abilene, Texas, United States",Private,EU-ME-AF,No,solo tiene bachelor en el tema
Pilar,3,Abo Akademi University,"Turku, Finland",Private,EU-ME-AF,No,solo tiene 1 bachelor en el tema
Pilar,4,Abu Dhabi University,"Abu Dhabi, United Arab Emirates",Private,EU-ME-AF,No,
Pilar,5,Adelphi University,"Garden City, New York, United States",Private,EU-ME-AF,Si,https://catalog.adelphi.edu/preview_program.php?catoid=27&poid=13199
Pilar,6,Ajman University,"Ajman, United Arab Emirates",Private,EU-ME-AF,Si,https://www.ajman.ac.ae/en/cba/course/MBA-616_521_25
Pilar,7,Alfred University,"Alfred, New York, United States",Private,EU-ME-AF,No,
Pilar,8,American University,"Washington, District of Columbia, United States",Private,EU-ME-AF,Si,https://catalog.american.edu/preview_program.php?catoid=18&poid=8760
Pilar,9,American University of Sharjah,"Sharjah, United Arab Emirates",Private,EU-ME-AF,No,
Pilar,10,American University of the Middle East,"Egaila Area, Dasman, Kuwait",Private,EU-ME-AF,No,
Pilar,11,Angelo State University,"San Angelo, Texas, United States",Private,EU-ME-AF,si,https://www.angelo.edu/academics/programs/marketing/degree-plan-bba-mba/
Pilar,12,Appalachian State University,"Boone, North Carolina, United States",Private,EU-ME-AF,No,
Pilar,13,Arizona State University,"Tempe, Arizona, United States",Private,EU-ME-AF,No,
Pilar,14,Arkansas State University,"Jonesboro, Arkansas, United States",Private,EU-ME-AF,Si,https://degree.astate.edu/online-programs/business/mba/marketing-concentration/
Pilar,15,Arkansas Tech University,"Russellville, Arkansas, United States",Private,EU-ME-AF,No,
Pilar,16,Aston University,"Birmingham, United Kingdom",Private,EU-ME-AF,No,
Pilar,17,Auburn University,"Auburn, Alabama, United States",Private,EU-ME-AF,No,
Pilar,18,Auburn University at Montgomery,"Montgomery, Alabama, United States",Private,EU-ME-AF,No,
Pilar,19,Auckland University of Technology,"Auckland, New Zealand",Private,EU-ME-AF,No (No info en Brochure),https://www.aut.ac.nz/study/study-options/business/courses/master-of-marketing
Pilar,20,Audencia E.E.S.C.,"Nantes, France",Private,EU-ME-AF,Si,https://www.audencia.com/en/our-programs/2-year-msc-in-digital-marketing/overview
Pilar,21,BI Norwegian Business School,"Oslo, Norway",Private,EU-ME-AF,Si,"Dos programas, 21a y 21b"
Pilar,22,Ball State University,"Muncie, Indiana, United States",Private,EU-ME-AF,No,
Pilar,23,Barry University,"Miami Shores, Florida, United States",Private,EU-ME-AF,"Si (Tiene 2 más de los que no hay info en lam pag, solo se menionan)",https://online.barry.edu/degrees/business/mba/marketing/
Pilar,24,Baruch College-The City University of New York,"New York, New York, United States",Private,EU-ME-AF,Si,"https://zicklin.baruch.cuny.edu/academic-programs/graduate/ms/marketing/, https://zicklin.baruch.cuny.edu/academic-programs/graduate/ms/online-ms-in-marketing/"
Pilar,25,Baylor University,"Waco, Texas, United States",Private,EU-ME-AF,No,
Pilar,26,Belmont University,"Nashville, Tennesee, United States",Private,EU-ME-AF,No,
Pilar,27,Bentley University,"Waltham, Massachusetts, United States",Private,EU-ME-AF,No,
Pilar,28,Berry College,"Mount Berry, Georgia, United States",Private,EU-ME-AF,No,
Pilar,29,Bilkent University,"Ankara, Türkiye",Private,EU-ME-AF,si,http://fba.bilkent.edu.tr/master-program/
Pilar,30,"Binghamton University, State University of New York","Binghamton, New York, United States",Private,EU-ME-AF,No,
Pilar,31,Boise State University,"Boise, Idaho, United States",Private,EU-ME-AF,No,
Pilar,32,Boston University,"Boston, Massachusetts, United States",Private,EU-ME-AF,No  (No hay info sobre los programas en la pag),https://www.bu.edu/questrom/degree-programs/full-time-mba/
Pilar,33,Bournemouth University,"Bournemouth, Dorset, United Kingdom",Private,EU-ME-AF,Si,https://www.bournemouth.ac.uk/study/courses/msc-marketing-management
Pilar,34,Bowling Green State University,"Bowling Green, Ohio, United States",Private,EU-ME-AF,si,https://onlinedegree.bgsu.edu/programs/mba-marketing/
Pilar,35,Bradley University,"Peoria, Illinois, United States",Private,EU-ME-AF,No,
Pilar,36,Brest Business School,"Brest, France",Private,EU-ME-AF,No,
Pilar,37,Brigham Young University,"Provo, Utah, United States",Private,EU-ME-AF,No,
Pilar,38,"Brunel Business School, Brunel University London","Uxbridge, Middlesex, United Kingdom",Private,EU-ME-AF,si,https://www.brunel.ac.uk/study/postgraduate/Marketing-MSc
Pilar,39,Bryant University,"Smithfield, Rhode Island, United States",Private,EU-ME-AF,No,
Pilar,40,"Business School, Pontifícia Universidade Católica do Paraná","Curitiba - Parana, Brazil",Private,EU-ME-AF,No,
Pilar,41,"Business School, University of International Business and Economics","Chaoyang District, China (Mainland)",Private,EU-ME-AF,No,
Pilar,42,Butler University,"Indianapolis, Indiana, United States",Private,EU-ME-AF,No,
Pilar,43,CENTRUM PUCP Business School,"Lima, Peru",Private,EU-ME-AF,SI,https://centrum.pucp.edu.pe/programas/maestrias-especializadas/direccion-marketing/
Pilar,44,California State Polytechnic University Pomona,"Pomona, California, United States",Private,EU-ME-AF,No,
Pilar,45,"California State University, Chico","Chico, California, United States",Private,EU-ME-AF,No,
Pilar,46,"California State University, East Bay","Hayward, California, United States",Private,EU-ME-AF,Si,https://www.csueastbay.edu/msma/index.html
Pilar,47,"California State University, Fullerton","Fullerton, California, United States",Private,EU-ME-AF,No,
Pilar,48,"California State University, Long Beach","Long Beach, California, United States",Private,EU-ME-AF,Si,
Pilar,49,"California State University, Los Angeles","Los Angeles, California, United States",Private,EU-ME-AF,No,
Pilar,50,"California State University, Northridge","Northridge, California, United States",Private,EU-ME-AF,No,
Pilar,51,"California State University, Sacramento","Sacramento, California, United States",Private,EU-ME-AF,No,
Pilar,52,"California State University, San Bernardino","San Bernardino, California, United States",Private,EU-ME-AF,si,https://www.csusb.edu/marketing/degrees-certificates/mba-marketing
Pilar,53,"California State University, Stanislaus","Turlock, California, United States",Private,EU-ME-AF,No,
Pilar,54,Canisius University,"Buffalo, New York, United States",Private,EU-ME-AF,No,
Pilar,55,Cardiff University,"Cardiff, United Kingdom",Private,EU-ME-AF,Si,https://www.cardiff.ac.uk/study/postgraduate/taught/courses/course/marketing-msc
Pilar,56,Carleton University,"Ottawa, Canada",Private,EU-ME-AF,No,
Pilar,57,Carnegie Mellon University,"Pittsburgh, Pennsylvania, United States",Private,EU-ME-AF,Si (concentración),https://www.cmu.edu/tepper/programs/mba/curriculum/concentration/marketing.html
Pilar,58,Central Connecticut State University,"New Britain, Connecticut, United States",Private,EU-ME-AF,No,
Pilar,59,Central Michigan University,"Mount Pleasant, Michigan, United States",Private,EU-ME-AF,No,
Pilar,60,Central Washington University,"Ellensburg, Washington, United States",Private,EU-ME-AF,No,
Pilar,61,Christopher Newport University,"Newport News, Virginia, United States",Private,EU-ME-AF,No,
Pilar,62,Chulalongkorn University,"Bangkok, Thailand",Private,EU-ME-AF,SI,https://marketing.cbs.chula.ac.th/en/prospectus/master-in-branding-and-marketing-eng/overview
Pilar,63,City University of Hong Kong,"Kowloon, Hong Kong SAR",Private,EU-ME-AF,SI,https://www.cb.cityu.edu.hk/mkt/mscmkt/
Pilar,64,"City, University of London","London, United Kingdom",Private,EU-ME-AF,si,https://www.london.ac.uk/sites/default/files/programme-specifications/progspec-msc-marketing-2024-25.pdf
Pilar,65,Clark University,"Worcester, Massachusetts, United States",Private,EU-ME-AF,si,https://www.clarku.edu/academics/graduate/programs/masters/masters-in-marketing-analytics/
Pilar,66,Clayton State University,"Morrow, Georgia, United States",Private,EU-ME-AF,Si,https://www.clayton.edu/business/programs/master-of-business-administration/digital-marketing
Pilar,67,Clemson University,"Clemson, South Carolina, United States",Private,EU-ME-AF,sI,https://www.clemson.edu/business/departments/marketing/graduate/index.html
Pilar,68,Cleveland State University,"Cleveland, Ohio, United States",Private,EU-ME-AF,No,
Pilar,69,Coastal Carolina University,"Conway, South Carolina, United States",Private,EU-ME-AF,No,
Pilar,70,College of Charleston,"Charleston, South Carolina, United States",Private,EU-ME-AF,No,
Pilar,71,College of William and Mary,"Williamsburg, Virginia, United States",Private,EU-ME-AF,Si,https://online.mason.wm.edu/marketing
Pilar,72,Colorado State University,"Fort Collins, Colorado, United States",Private,EU-ME-AF,No,
Pilar,73,Colorado State University-Pueblo,"Pueblo, Colorado, United States",Private,EU-ME-AF,No,
Pilar,74,Columbia University,"New York, New York, United States",Private,EU-ME-AF,Si,https://apply.gsb.columbia.edu/www/documents/Columbia_MSM_Brochure_CR2_2024.pdf
Pilar,75,Columbus State University,"Columbus, Georgia, United States",Private,EU-ME-AF,No(La pag no sirve),
Pilar,76,Commonwealth University of Pennsylvania,"Bloomsburg, Pennsylvania, United States",Private,EU-ME-AF,si,https://catalog.upenn.edu/graduate/programs/marketing-mba/
Pilar,77,Concordia University,"Montreal, Canada",Private,EU-ME-AF,Si,https://www.concordia.ca/jmsb/programs/graduate/msc-marketing.html
Pilar,78,Copenhagen Business School,"Frederiksberg, Denmark",Private,EU-ME-AF,No,
Pilar,79,Corvinus University of Budapest,"Budapest, Hungary",Private,EU-ME-AF,sI,https://www.uni-corvinus.hu/post/landing-page/international-application-to-corvinus-university-of-budapest/marketing/?lang=en
Pilar,80,Cranfield University,"Cranfield, Bedfordshire, United Kingdom",Private,EU-ME-AF,Si,https://www.cranfield.ac.uk/som
Pilar,81,Creighton University,"Omaha, Nebraska, United States",Private,EU-ME-AF,No,
Pilar,82,Curtin University,"Perth, Australia",Private,EU-ME-AF,Si,https://www.curtin.edu.au/study/offering/course-pg-master-of-marketing--mc-amktv1/?utm_source=google&utm_medium=cpc&utm_campaign=&utm_agid=&utm_term=marketing%20masters&creative=593884159322&device=c&placement=&gad_source=1
Pilar,83,Dalhousie University,"Halifax, Canada",Private,EU-ME-AF,Si,https://www.dal.ca/academics/programs/graduate/msc-business/program-details.html
Pilar,84,DePaul University,"Chicago, Illinois, United States",Private,EU-ME-AF,Si,https://business.depaul.edu/academics/marketing/graduate/marketing-ms/Pages/default.aspx
Pilar,85,Deakin University,"Burwood, Australia",Private,EU-ME-AF,NO,
Pilar,86,Delaware State University,"Dover, Delaware, United States",Private,EU-ME-AF,NO,
Pilar,87,"Deusto Business School, University of Deusto","Bilbao, Spain",Private,EU-ME-AF,NO ,
Pilar,88,Drake University,"Des Moines, Iowa, United States",Private,EU-ME-AF,No,
Pilar,89,Drexel University,"Philadelphia, Pennsylvania, United States",Private,EU-ME-AF,Si,https://www.lebow.drexel.edu/academics/graduate/specialized-masters-programs/marketing
Pilar,90,Drury University,"Springfield, Missouri, United States",Private,EU-ME-AF,No,
Pilar,91,Dublin City University,"Dublin 9, Ireland",Private,EU-ME-AF,Si,https://www.dcu.ie/courses/postgraduate/business-school/msc-digital-marketing
Pilar,92,Duquesne University,"Pittsburgh, Pennsylvania, United States",Private,EU-ME-AF,No,
Pilar,93,Durham University,"Durham City, United Kingdom",Private,EU-ME-AF,NO,
Pilar,94,EM Normandie,"Le Havre Cedex, France",Private,EU-ME-AF,Si,https://en.em-normandie.com/programmes/digital-marketing-degree/master-science-msc-marketing-and-digital-luxury-and-lifestyle
Pilar,95,EM Strasbourg Business School,"Strasbourg, France",Private,EU-ME-AF,No,
Pilar,96,EMLYON Business School,"Ecully Cedex, France",Private,EU-ME-AF,Si,https://masters.em-lyon.com/en/msc-in-international-marketing-business-development
Pilar,97,ESADE,"Barcelona, Spain",Private,EU-ME-AF,sI,https://www.esade.edu/executive-education/es/executive-master/executive-master-en-marketing-y-ventas-emmv
Pilar,98,ESCP Business School,"Paris, France",Private,EU-ME-AF,si,https://escp.eu/programmes/specialised-masters-MSc/MSc-in-marketing-and-digital-media#Overview
Pilar,99,ESSCA (Ecole Superieure des Sciences Commerciales d'Angers),"Angers Cedex 01, France",Private,EU-ME-AF,No,
Pilar,100,ESSEC Business School,"Cergy-Pontoise, France",Private,EU-ME-AF,Si,https://www.essec.edu/en/program/mscs/msc-marketing-management-and-digital/program/
Pilar,101,East Carolina University,"Greenville, North Carolina, United States",Private,EU-ME-AF,No,
Pilar,102,East Tennessee State University,"Johnson City, Tennesee, United States",Private,EU-ME-AF,No,
Pilar,103,Eastern Illinois University,"Charleston, Illinois, United States",Private,EU-ME-AF,No,
Pilar,104,Eastern Kentucky University,"Richmond, Kentucky, United States",Private,EU-ME-AF,No,
Pilar,105,Eastern Michigan University,"Ypsilanti, Michigan, United States",Private,EU-ME-AF,Si,https://www.emich.edu/cob/programs/imc/program-information/index.php
Pilar,106,Eastern Washington University,"Spokane, Washington, United States",Private,EU-ME-AF,No,
Pilar,107,Edith Cowan University,"Joondalup, Australia",Private,EU-ME-AF,Si,https://www.ecu.edu.au/degrees/courses/master-of-marketing-and-innovation-management
Pilar,108,"Effat College of Business, Effat University","Jeddah, Saudi Arabia",Private,EU-ME-AF,No,
Pilar,109,"Eller College of Management, The University of Arizona","Tucson, Arizona, United States",Private,EU-ME-AF,si,https://eller.arizona.edu/programs/masters/marketing/program
Pilar,110,Elon University,"Elon, North Carolina, United States",Private,EU-ME-AF,No,
Pilar,111,Emporia State University,"Emporia, Kansas, United States",Private,EU-ME-AF,Si,https://online.emporia.edu/degrees/business/mba/marketing/
Pilar,112,"Faculty of Business, The Hong Kong Polytechnic University","Kowloon, Hong Kong SAR",Private,EU-ME-AF,si,https://www.polyu.edu.hk/mm/study/tpg/mm/
Pilar,113,"Faculté des sciences de l'administration, Université Laval","Quebec, Canada",Private,EU-ME-AF,Si,https://www.sdp.ulaval.ca/formation-continue/formations/maitrise-administration-affaires-marketing-strategique
Pilar,114,Fairfield University,"Fairfield, Connecticut, United States",Private,EU-ME-AF,Si,https://www.fdu.edu/program/mba-marketing/
Pilar,115,Fairleigh Dickinson University,"Teaneck, New Jersey, United States",Private,EU-ME-AF,Si,https://online.fdu.edu/online-degrees/ms-digital-marketing/
Pilar,116,"Farmer School of Business, Miami University","Oxford, Ohio, United States",Private,EU-ME-AF,No,
Pilar,117,Feng Chia University,"Taichung City, Taiwan",Private,EU-ME-AF,No (Tiene un master pero no pude acceder al info del programa),
Pilar,118,Florida Atlantic University,"Boca Raton, Florida, United States",Private,EU-ME-AF,Si,https://business.fau.edu/masters-phd/mba-program/mba/concentrations/marketing/
Pilar,119,Florida Gulf Coast University,"Fort Myers, Florida, United States",Private,EU-ME-AF,No,
Pilar,120,Florida International University,"Miami, Florida, United States",Private,EU-ME-AF,Si,https://business.fiu.edu/academics/graduate/marketing/
Pilar,121,Florida Southern College,"Lakeland, Florida, United States",Private,EU-ME-AF,NO,
Pilar,122,Florida State University,"Tallahassee, Florida, United States",Private,AP,No,
Pilar,123,Fordham University,"Bronx, New York, United States",Private,AP,Si,https://bulletin.fordham.edu/gabelli-graduate/ms/marketing-intelligence/
Pilar,124,Francis Marion University,"Florence, South Carolina, United States",Private,AP,No,
Pilar,125,Frostburg State University,"Frostburg, Maryland, United States",Private,AP,No,
Pilar,126,Fudan University,"Yangpu District, China (Mainland)",Private,AP,NO,
Pilar,127,Fundação Getulio Vargas - São Paulo,"São Paulo, SP CEP, Brazil",Private,AP,NO,
Pilar,128,George Mason University,"Fairfax, Virginia, United States",Private,AP,No,
Pilar,129,Georgia College & State University,"Milledgeville, Georgia, United States",Private,AP,NO,
Pilar,130,Georgia Institute of Technology,"Atlanta, Georgia, United States",Private,AP,No,
Pilar,131,Georgia Southern University,"Statesboro, Georgia, United States",Private,AP,No,
Pilar,132,Georgia State University,"Atlanta, Georgia, United States",Private,AP,si,https://robinson.gsu.edu/program/marketing-ms/
Pilar,133,Ghent University,"Ghent, Belgium",Private,AP,Si,https://studiekiezer.ugent.be/2024/master-of-science-in-business-economics-marketing-en
Pilar,134,Grand Valley State University,"Grand Rapids, Michigan, United States",Private,AP,No,
Pilar,135,Grenoble Ecole de Management,"Grenoble , France",Private,AP,SI,https://www.grenoble-em.com/en/programs/msc-marketing-management
Pilar,136,Griffith University,"Brisbane, Australia",Private,AP,No,
Pilar,137,Gulf University for Science and Technology,"Hawally, Kuwait",Private,AP,No,
Pilar,138,HEC Montréal,"Montréal, Canada",Private,AP,Si,https://www.hec.ca/programmes/maitrises/maitrise-marketing/
Pilar,139,"HUFS Business School, Hankuk University of Foreign Studies","Seoul, South Korea",Private,AP,No,
Pilar,140,Hanken School of Economics,"Helsinki, Finland",Private,AP,No,
Pilar,141,Henderson State University,"Arkadelphia, Arkansas, United States",Private,AP,No,
Pilar,142,Hofstra University,"Hempstead, New York, United States",Private,AP,Si,https://www.hofstra.edu/marketing-international/ms-marketing.html
Pilar,143,Hult International Business School,"Cambridge, Massachusetts, United States",Private,AP,SI,https://www.hult.edu/masters/international-marketing/
Pilar,144,ICN Business School,"Nancy, France",Private,AP,SI,https://www.icn-artem.com/en/programmes/msc-strategie-marketing-developpement-commercial/
Pilar,145,IE Business School,"Madrid, Spain",Private,AP,SI,https://www.ie.edu/business-school/programs/masters/master-in-strategic-marketing-communication/
Pilar,146,IESEG School of Management,"Lille, France",Private,AP,Si,https://www.ieseg.fr/es/programas/masters-especializados/master-digital-marketing-crm/programa/
Pilar,147,IQS-Institut Químic de Sarrià,"Barcelona, Spain",Private,AP,No,
Pilar,148,"ISCTE Business School, University Institute of Lisbon","Lisbon, Portugal",Private,AP,Si,https://www.iscte-iul.pt/course/41/master-msc-in-marketing/presentation
Pilar,149,Idaho State University,"Pocatello, Idaho, United States",Private,AP,No,
Pilar,150,Illinois Institute of Technology,"Chicago, Illinois, United States",Private,AP,Si,iit.edu/academics/programs/marketing-analytics-ms
Pilar,151,Illinois State University,"Normal, Illinois, United States",Private,AP,Si,https://illinoisstate.edu/academics/marketing-analytics-masters/
Pilar,152,Imperial College London,"London, United Kingdom",Private,AP,Si,https://www.imperial.ac.uk/business-school/masters/strategic-marketing/#programme-content
Pilar,153,Indian Institute of Management Udaipur,"Udaipur, India",Private,AP,No,
Pilar,154,Indiana State University,"Terre Haute, Indiana, United States",Private,AP,No,
Pilar,155,Indiana University Bloomington/Indianapolis,"Bloomington, Indiana, United States",Private,AP,NO,
Pilar,156,Indiana University Kokomo,"Kokomo, Indiana, United States",Private,AP,No,
Pilar,157,Indiana University South Bend,"South Bend, Indiana, United States",Private,AP,No,
Pilar,158,Indiana University Southeast,"New Albany, Indiana, United States",Private,AP,NO,
Pilar,159,Inha University,"Incheon, South Korea",Private,AP,NO,
Pilar,160,Institut Mines-Telecom Business School,"Evry Cedex, France",Private,AP,si,https://landings.ie.edu/masterthankyou-bus-executive-master-strategic-marketing-communication
Pilar,161,Instituto Tecnológico Autónomo de México (ITAM),"Col.Tizapan San Angel, Mexico",Private,AP,No (Existe el programa pero non deja imprimir la pag ni descargar),https://mercadotecnia.itam.mx/es
Pilar,162,"International Business School Suzhou, Xi'an Jiaotong-Liverpool University","Suzhou, China (Mainland)",Private,AP,NO,
Pilar,163,Iona University,"New Rochelle, New York, United States",Private,AP,NO,
Pilar,164,Iowa State University,"Ames, Iowa, United States",Private,AP,No,
Pilar,165,Jackson State University,"Jackson, Mississippi, United States",Private,AP,NO,
Pilar,166,Jacksonville State University,"Jacksonville, Alabama, United States",Private,AP,No,
Pilar,167,James Madison University,"Harrisonburg, Virginia, United States",Private,AP,No,
Pilar,168,John Carroll University,"University Heights, Ohio, United States",Private,AP,Si,https://www.jcu.edu/online-masters-in-digital-marketing-and-communication-strategy
Pilar,169,"Johns Hopkins Carey Business School, Johns Hopkins University","Baltimore, Maryland, United States",Private,AP,SI,https://carey.jhu.edu/programs/master-science-programs/ms-marketing-full-time
Pilar,170,"Jyväskylä University School of Business and Economics, University of Jyväskylä","Jyväskylä, Finland",Private,AP,Si,https://www.jyu.fi/en/study-with-us/masters-degree-programmes/masters-degree-programme-in-digital-marketing-and-corporate-communication
Pilar,171,"Jönköping International Business School, Jönköping University","Jönköping, Sweden",Private,AP,Si,https://ju.se/en/study-at-ju/our-programmes/master-programmes/master-in-international-marketing.html#showmore-Courses
Pilar,172,KEDGE Business School,"Bordeaux, France",Private,AP,Si,https://student.kedge.edu/telecharger-brochure/0010900001auL0qAAE/a16To000000g6yfIAA
Pilar,173,Kansas State University,"Manhattan, Kansas, United States",Private,AP,No,
Pilar,174,Karlstad University,"Karlstad, Sweden",Private,AP,SI,"https://www.kau.se/en/education/programmes-and-courses/programmes/SASMF-SAMF, https://www3.kau.se/utbildningsplaner/en/SASMF_20222.pdf"
Pilar,175,Kean University,"Union, New Jersey, United States",Public,AP,No,
Pilar,176,Kennesaw State University,"Kennesaw, Georgia, United States",Public,AP,Si,https://www.kennesaw.edu/double-owl/pathways/coles/marketing-bba-business-administration-mba.php
Pilar,177,Kent State University,"Kent, Ohio, United States",Public,AP,No,
Pilar,178,King Fahd University of Petroleum and Minerals,"Dhahran, Saudi Arabia",Public,AP,No,
Pilar,179,King Saud University,"Riyadh, Saudi Arabia",Public,AP,No,
Pilar,180,King's College London,"London, United Kingdom",Public,AP,Si,https://www.kcl.ac.uk/study/postgraduate-taught/courses/international-marketing-msc
Pilar,181,Kingston University,"Kingston Upon Thames, United Kingdom",Public,AP,Si,https://www.kingston.ac.uk/postgraduate/courses/marketing-and-brand-management-msc/
Pilar,182,Kuwait University,"Kuwait City, Kuwait",Public,AP,No,
Pilar,183,La Salle University,"Philadelphia, Pennsylvania, United States",Public,AP,si,https://online.lasalle.edu/degrees/business/mba/marketing/
Pilar,184,La Trobe University,"Melbourne, Australia",Public,AP,si,https://www.latrobe.edu.au/courses/master-of-marketing#/entry-requirements?location=BU&studentType=int&year=2024
Pilar,185,Lamar University,"Beaumont, Texas, United States",Public,AP,si,https://degree.lamar.edu/online-programs/business/mba/marketing-concentration/
Pilar,186,Lancaster University,"Lancaster, Lancashire, United Kingdom",Public,AP,si,https://www.lancaster.ac.uk/study/postgraduate/postgraduate-courses/marketing-msc/2024/
Pilar,187,Lander University,"Greenwood, South Carolina, United States",Public,AP,No,
Pilar,188,Lawrence Technological University,"Southfield, Michigan, United States",Public,AP,NO,
Pilar,189,Le Moyne College,"Syracuse, New York, United States",Public,AM,No,
Pilar,190,Lehigh University,"Bethlehem, Pennsylvania, United States",Public,AM,NO,
Pilar,191,Lingnan University,"New Territories, Hong Kong SAR",Public,AM,Si,https://www.ln.edu.hk/sgs/taught-postgraduate-programmes/master-of-science-in-marketing-and-international-business
Pilar,192,Linnaeus University,"Växjö, Sweden",Public,AM,No,
Pilar,193,Lipscomb University,"Nashville, Tennesee, United States",Public,AM,NO,
Pilar,194,Liverpool Hope University,"Liverpool, United Kingdom",Public,AM,No,
Pilar,195,Long Island University-Post Campus,"Brookville, New York, United States",Public,AM,NO,
Pilar,196,Longwood University,"Farmville, Virginia, United States",Public,AM,No,
Pilar,197,Loughborough University,"Leicestershire, United Kingdom",Public,AM,No,
Pilar,198,Louisiana State University,"Baton Rouge, Louisiana, United States",Public,AM,No,
Pilar,199,Louisiana State University Shreveport,"Shreveport, Louisiana, United States",Public,AM,No (No se puede acceder a la info del programa),
Pilar,200,Louisiana Tech University,"Ruston, Louisiana, United States",Public,AM,No,
Pilar,201,Loyola Marymount University,"Los Angeles, California, United States",Public,AM,No,
Pilar,202,Loyola University Chicago,"Chicago, Illinois, United States",Public,AM,si,
Pilar,203,Loyola University Maryland,"Baltimore, Maryland, United States",Public,AM,SI,
Pilar,204,Loyola University New Orleans,"New Orleans, Louisiana, United States",Public,AM,si,
Pilar,205,Lucerne University of Applied Sciences and Arts,"Lucerne, Switzerland",Public,AM,NO,
Pilar,206,Lund University,"Lund, Sweden",Public,AM,Si,https://www.lunduniversity.lu.se/lubas/i-uoh-lu-EAGIB
Pilar,207,Macquarie University,"Sydney, Australia",Public,AM,Si,https://www.mq.edu.au/study/find-a-course/courses/master-of-marketing
Silvana,208,"Maine Business School and Graduate School of Business, University of Maine","Orono, Maine, United States",Public,AM,No,
Silvana,209,Manchester Metropolitan University,"Manchester, Lancashire, United Kingdom",Public,AM,Si ,"Tiene 6 programas identificados con: 209a, 209b, 209c,209d, 209e, 209f : https://www.mmu.ac.uk/study/postgraduate/course-search/search/?stq=marketing&stp=1&sta=course&stt=course&stl=postgraduate"
Silvana,210,Manhattan College,"Riverdale, New York, United States",Public,AM,No,
Silvana,211,Marquette University,"Milwaukee, Wisconsin, United States",Public,AM,No,
Silvana,212,Marshall University,"Huntington, West Virginia, United States",Public,AM,No,
Silvana,213,Massey University,"Palmerston North, New Zealand",Public,AM,No,
Silvana,214,McNeese State University,"Lake Charles, Louisiana, United States",Public,AM,No,
Silvana,215,Mercer University-Macon and Atlanta Campuses,"Macon, Georgia, United States",Public,AM,No,
Silvana,216,Meredith College,"Raleigh, North Carolina, United States",Public,AM,No,
Silvana,217,Metropolitan State University of Denver,"Denver, Colorado, United States",Public,AM,No,
Silvana,218,Michigan State University,"East Lansing, Michigan, United States",Public,AM,No,Tiene pero de Marketing Research and Analytics - Master of Science https://reg.msu.edu/AcademicPrograms/ProgramDetail.aspx?Program=MKTREAN_MS
Silvana,219,Michigan Technological University,"Houghton, Michigan, United States",Public,AM,No,
Silvana,220,Middle Tennessee State University,"Murfreesboro, Tennesee, United States",Public,AM,No,
Silvana,221,Midwestern State University,"Wichita Falls, Texas, United States",Public,AM,No,
Silvana,222,"Minnesota State University, Mankato","Mankato, Minnesota, United States",Public,AM,No,
Silvana,223,Mississippi State University,"Mississippi State, Mississippi, United States",Public,AM,No,
Silvana,224,Missouri State University,"Springfield, Missouri, United States",Public,AM,No,
Silvana,225,Missouri Western State University,"St. Joseph, Missouri, United States",Public,AM,No,
Silvana,226,"Monash Business School, Monash University","Caulfield East, Australia",Public,AM,Si ,"Tiene 2: https://www.monash.edu/study/courses/find-a-course/applied-marketing-b6042?international=true  , https://online.monash.edu/online-courses/marketing-digital-communications-courses/online-master-marketing-digital-communications/"
Silvana,227,Monmouth University,"West Long Branch, New Jersey, United States",Public,AM,Si ,MBA con concentración en MKT: https://www.monmouth.edu/graduate/mba/marketing-concentration/
Silvana,228,Montclair State University,"Montclair, New Jersey, United States",Public,AM,Si ,Tiene 2 pero no encontré como bajar la info https://www.montclair.edu/academics/marketing/
Silvana,229,Montpellier Business School,"Montpellier Cedex 4, France",Public,AM,Si ,"Tiene 2: https://www.montpellier-bs.com/international/our-programmes/programmes-master-of-science/msc-marketing/msc-marketing-omnichannel-strategy/ , https://www.montpellier-bs.com/international/our-programmes/programmes-master-of-science/msc-marketing/msc-luxury-marketing-sustainable-world/"
Silvana,230,Morehead State University,"Morehead, Kentucky, United States",Public,AM,No,
Silvana,231,Morgan State University,"Baltimore, Maryland, United States",Public,AM,No,
Silvana,232,Murray State University,"Murray, Kentucky, United States",Public,AM,Si ,MBA con concentración https://www.murraystate.edu/programs/cob/mgt-mba-marketing.aspx
Silvana,233,NEOMA Business School,"Mont Saint Signan Cedex, France",Public,AM,Si ,"Tiene 2: https://www.calameo.com/read/007021107c59d0379c93a , https://formcrm.neoma-bs.fr/brochure/formulaire/MSPTMDA-en"
Silvana,234,Nagoya University of Commerce and Business,"Nisshin City, Japan",Public,AM,No,
Silvana,235,Nanyang Technological University,Singapore,Public,AM,Si ,https://www.ntu.edu.sg/education/graduate-programme/master-of-science-in-marketing-science
Silvana,236,National Chung Cheng University,"Chiayi County, Taiwan",Public,AM,No,
Silvana,237,National Kaohsiung University of Science and Technology-First Campus,"Kaohsiung City, Taiwan",Public,AM,No,
Silvana,238,National Sun Yat-sen University,"Kaohsiung City, Taiwan",Public,AM,Si*,Pero está en chino y no lo pude traducir: https://rpb75.nsysu.edu.tw/p/404-1236-234429.php?Lang=en
Silvana,239,National University of Singapore,Singapore,Public,AM,Si,https://bschool.nus.edu.sg/marketing/msc-marketing-analytics-insights/ 
Silvana,240,New Jersey Institute of Technology,"Newark, New Jersey, United States",Public,AM,Si,MBA con concentración en MKT- https://management.njit.edu/mba-marketing
Silvana,241,New Mexico State University,"Las Cruces, New Mexico, United States",Public,AM,No,
Silvana,242,Newcastle University,"Newcastle, Tyne, United Kingdom",Public,AM,Si ,"Tiene 4 programas: https://www.ncl.ac.uk/postgraduate/degrees/5145f/, https://www.ncl.ac.uk/postgraduate/degrees/4068f/, https://www.ncl.ac.uk/postgraduate/degrees/5145f/, https://www.ncl.ac.uk/postgraduate/degrees/5493f/"
Silvana,243,Niagara University,"Niagara University, New York, United States",Public,AM,Si,"MBA con concentración en Mercadeo, lo baje pero la descripción general es bastante pobre y no especifica la profundización https://www.niagara.edu/master-of-business-administration/"
Silvana,244,Nicholls State University,"Thibodaux, Louisiana, United States",Public,AM,No,
Silvana,245,Nichols College,"Dudley, Massachusetts, United States",Public,AM,No,
Silvana,246,North Carolina A&T State University,"Greensboro, North Carolina, United States",Public,AM,No,
Silvana,247,North Dakota State University,"Fargo, North Dakota, United States",Public,AM,No,
Silvana,248,Northeastern Illinois University,"Chicago, Illinois, United States",Public,AM,No,
Silvana,249,Northeastern Illinois University,"Boston, Massachusetts, United States",Public,AM,No,
Silvana,250,Northern Arizona University,"Flagstaff, Arizona, United States",Public,AM,No,
Silvana,251,Northern Illinois University,"DeKalb, Illinois, United States",Public,AM,Si,Digital Marketing - https://www.cob.niu.edu/academics/marketing/ms-digital-marketing/index.shtml
Silvana,252,Northern Kentucky University,"Newport, Kentucky, United States",Public,AM,No,
Silvana,253,Northumbria University,"Newcastle Upon Tyne, United Kingdom",Public,AM,Si ,"Tiene 4 programas: https://www.northumbria.ac.uk/study-at-northumbria/courses/marketing-msc-with-advanced-practice-dtsmtk6/#modules, https://www.northumbria.ac.uk/study-at-northumbria/courses/digital-marketing-with-advanced-practice-dtsdgm6/, https://london.northumbria.ac.uk/wp-content/uploads/pdf/msc-business-with-marketing-management.pdf"
Silvana,254,Nottingham Trent University,"Nottingham, United Kingdom",Public,AM,Si,"Tiene 5 programas: https://www.ntu.ac.uk/course/art-and-design/pg/ma-fashion-marketing, https://www.ntu.ac.uk/course/nottingham-business-school/pg/msc-digital-marketing, https://www.ntu.ac.uk/course/nottingham-business-school/pg/msc-marketing, https://www.ntu.ac.uk/course/nottingham-business-school/pg/msc-strategic-marketing-leadership, https://www.ntu.ac.uk/course/nottingham-business-school/pg/msc-marketing-and-brand-management, "
Silvana,255,Nova Southeastern University,"Fort Lauderdale, Florida, United States",Public,AM,Si,"https://www.business.nova.edu/degrees/masters/digital-marketing/index.html?_gl=1*1wv5yzh*_gcl_au*OTQ4MDQ4NjkyLjE3MDgzNjYwMTY., "
Silvana,256,Oakland University,"Rochester, Michigan, United States",Public,AM,No,
Silvana,257,Ohio Northern University,"Ada, Ohio, United States",Public,AM,No,
Silvana,258,Ohio University,"Athens, Ohio, United States",Public,AM,No,
Silvana,259,Oklahoma City University,"Oklahoma City, Oklahoma, United States",Public,AM,No,
Silvana,260,Oklahoma State University,"Stillwater, Oklahoma, United States",Public,AM,No,
Silvana,261,Old Dominion University,"Norfolk, Virginia, United States",Public,AM,No,
Silvana,262,Oregon State University,"Corvallis, Oregon, United States",Public,AM,Si,MBA con énfasis en Marketing insights and analytics - https://gradschool.oregonstate.edu/programs/2067/business-msb
Silvana,263,Pace University,"New York, New York, United States",Public,AM,Si,"Tiene 3 : https://www.pace.edu/program/marketing-analytics-ms, https://www.pace.edu/program/marketing-management-mba, https://www.pace.edu/program/marketing-social-media-and-mobile-marketing-ms, "
Silvana,264,Palm Beach Atlantic University,"West Palm Beach, Florida, United States",Public,AM,No,
Silvana,265,Peking University,"Haidian District, China (Mainland)",Public,AM,No,
Silvana,266,Pforzheim University,"Pforzheim, Germany",Public,AM,No,
Silvana,267,Pittsburg State University,"Pittsburg, Kansas, United States",Public,AM,Si,MBA con concentración en mercadeo: https://www.pittstate.edu/academics/academic-programs/mba/marketing-master-emphasis.html#undefined1
Silvana,268,"Politecnico di Milano School of Management, Politecnico Milano","Milano, Italy",Public,AM,Si ,"Tiene 2 master especializados: https://www.gsom.polimi.it/en/course/international-master-marketing-management-omnichannel-consumer-analytics/, https://www.gsom.polimi.it/en/course/international-master-media-communication-management/"
Silvana,269,Pontificia Universidad Javeriana Cali,"Cali, Colombia",Public,AM,Si,https://www.javerianacali.edu.co/programas/maestrias/maestria-en-mercadeo
Silvana,270,Prairie View A&M University,"Prairie View, Texas, United States",Public,AM,No,
Silvana,271,Princess Sumaya University for Technology,"Amman, Jordan",Public,AM,Si,https://www.psut.edu.jo/en/program/master-in-digital-marketing
Silvana,272,Providence College,"Providence, Rhode Island, United States",Public,AM,No,
Silvana,273,Purdue University,"West Lafayette, Indiana, United States",Public,AM,Si ,https://business.purdue.edu/masters/programs/ms-marketing/home.php
Silvana,274,Purdue University Northwest,"Hammond, Indiana, United States",Public,AM,No,
Silvana,275,"Putra Business School, Universiti Putra Malaysia","Serdang, Malaysia",Public,AM,Si,MBA con concentración - https://drive.google.com/file/d/1zCNStnuKdMrKgHiCh04DOLK5EUHW130H/view
Silvana,276,Qatar University,"Doha, Qatar",Public,AM,Si,https://www.qu.edu.qa/sites/en_US/business/programs/graduates/msc-marketing
Silvana,277,Queen Mary University of London,"London, United Kingdom",Public,AM,Si,"Tiene 5 programas: https://www.qmul.ac.uk/postgraduate/taught/coursefinder/courses/digital-marketing-msc/ , https://www.qmul.ac.uk/postgraduate/taught/coursefinder/courses/marketing-and-digital-communications-msc/, https://www.qmul.ac.uk/postgraduate/taught/coursefinder/courses/international-marketing-and-consumer-psychology-msc/, https://www.qmul.ac.uk/postgraduate/taught/coursefinder/courses/marketing-and-digital-analytics-msc/https://www.qmul.ac.uk/postgraduate/taught/coursefinder/courses/international-marketing-and-business-strategies-msc/https://www.qmul.ac.uk/postgraduate/taught/coursefinder/courses/international-marketing-and-business-strategies-msc/https://www.qmul.ac.uk/postgraduate/taught/coursefinder/courses/international-marketing-and-business-strategies-msc/, "
Silvana,278,Queensland University of Technology,"Brisbane, Australia",Public,AM,Si,MBA con concentración - https://www.qut.edu.au/courses/master-of-business-marketing?domestic
Silvana,279,Quinnipiac University,"Hamden, Connecticut, United States",Public,AM,No,
Silvana,280,Radford University,"Radford, Virginia, United States",Public,AM,No,
Silvana,281,Ramapo College of New Jersey,"Mahwah, New Jersey, United States",Public,AM,No,
Silvana,282,Renmin University of China,"Haidian District, China (Mainland)",Public,AM,No,
Silvana,283,Rennes School of Business,"Rennes, France",Public,AM,Si ,https://www.rennes-sb.com/programmes/postgraduate/discover-masters/master-in-digital-marketing-management/NO DISPONIBLE EL BROCHURE Y CUANDO LO DESCARGO PDF NO SE LEE BIEN
Silvana,284,Rider University,"Lawrenceville, New Jersey, United States",Public,AM,No,
Silvana,285,Robert Gordon University,"Aberdeen, United Kingdom",Public,AM,Si ,"Tiene 2 programas: https://www4.rgu.ac.uk/coursedb/disp_course_info.cfm?courseref=0457, https://www.rgu.ac.uk/study/courses/1053-pgcert-pgdip-msc-international-marketing"
Silvana,286,Rochester Institute of Technology,"Rochester, New York, United States",Public,AM,No,
Silvana,287,Roger Williams University,"Bristol, Rhode Island, United States",Public,AM,No,
Silvana,288,"Rotterdam School of Management, Erasmus University Rotterdam","Rotterdam, Netherlands",Public,AM,Si ,https://brochures.rsm.nl/master-programmes-2024-2025/msc-marketing-management
Silvana,289,Rowan University,"Glassboro, New Jersey, United States",Public,AM,No,
Silvana,290,"Royal Holloway, University of London","Surrey, United Kingdom",Public,AM,Si ,Tiene 3 programas: https://www.royalholloway.ac.uk/studying-here/?search=marketing&type=postgraduate
Silvana,291,Rutgers-The State University of New Jersey-Camden,"Camden, New Jersey, United States",Public,AM,No,
Silvana,292,Rutgers-The State University of New Jersey-Newark/New Brunswick,"Newark, New Jersey, United States",Public,AM,No,
Silvana,293,SKEMA Business School,"SOPHIA ANTIPOLIS, France",Public,AM,Si ,Tiene 2 programas: https://www.skema.edu/compare-skema-courses?selection=48|52|
Silvana,294,Sacred Heart University,"Fairfield, Connecticut, United States",Public,AM,Si,https://www.sacredheart.edu/majors--programs/digital-marketing---ms/
Silvana,295,Saginaw Valley State University,"University Center, Michigan, United States",Public,AM,No,
Silvana,296,Saint Joseph's University,"Philadelphia, Pennsylvania, United States",Public,AM,Si ,"Tiene 4 programas: https://academiccatalog.sju.edu/business/food-pharma-health/food-marking-mba/#learninggoalsandoutcomestext, https://academiccatalog.sju.edu/business/marketing/ms-marketing-program/#linkstext, https://academiccatalog.sju.edu/business/food-pharma-health/healthcare-gct/#learninggoalsandoutcomestext, https://academiccatalog.sju.edu/business/food-pharma-health/food-marking-ms/#learninggoalsandoutcomestext"
Silvana,297,Saint Louis University,"St. Louis, Missouri, United States",Public,AM,No,
Silvana,298,Saint Mary's University,"Halifax, Canada",Public,AM,No,
Silvana,299,Saint Xavier University,"Chicago, Illinois, United States",Public,AM,No,
Silvana,300,Salem State University,"Salem, Massachusetts, United States",Public,AM,No,
Silvana,301,Salisbury University,"Salisbury, Maryland, United States",Public,AM,No,
Silvana,302,Sam Houston State University,"Huntsville, Texas, United States",Public,AM,No,
Silvana,303,San Diego State University,"San Diego, California, United States",Public,AM,No,
Silvana,304,San Francisco State University,"San Francisco, California, United States",Public,AM,Si,https://www.usfca.edu/management/programs/graduate/marketing-intelligence/program-overview
Silvana,305,San José State University,"San Jose, California, United States",Public,AM,No,
Silvana,306,Santa Clara University,"Santa Clara, California, United States",Public,AM,Si,https://onlinedegrees.scu.edu/academics/marketing-masters
Silvana,307,"Sasin School of Management, Chulalongkorn University","Bangkok, Thailand",Public,AM,No,
Silvana,308,Savannah State University,"Savannah, Georgia, United States",Public,AM,No,
Silvana,309,"School of Business, Economics, and Law, University of Gothenburg","Gothenburg, Sweden",Public,AM,Si,https://www.gu.se/en/study-gothenburg/master-of-science-in-marketing-and-consumption-s2mok#summary
Silvana,310,"School of Business, Hanyang University","Seoul, South Korea",Public,AM,No,
Silvana,311,"School of Business, Hong Kong Baptist University","Kowloon, Hong Kong SAR",Public,AM,Si,Tiene dos programas se identificaron como 311a y 311b
Silvana,312,"School of Business, The University of Jordan","Amman, Jordan",Public,AM,Si,https://business.ju.edu.jo/Lists/ProgramSpecifications/School_ProgSpic_last.aspx?prog=45&categ=12
Silvana,313,"School of Management, Zhejiang University","Hangzhou, China (Mainland)",Public,AM,No,
Silvana,314,Seattle Pacific University,"Seattle, Washington, United States",Public,AM,No,
Silvana,315,Seattle University,"Seattle, Washington, United States",Public,AM,No,
Silvana,316,Sejong University,"Seoul, South Korea",Public,AM,No,
Silvana,317,Seton Hall University,"South Orange, New Jersey, United States",Public,AM,No,
Silvana,318,Sheffield Hallam University,"Sheffield, South Yorkshire, United Kingdom",Public,AM,Si,"Ofrece 5 programas se identificaron como: 318a, 318b, 318c, 318d, 318e. "
Silvana,319,Shippensburg University,"Shippensburg, Pennsylvania, United States",Public,AM,No,
Silvana,320,Siena College,"Loudonville, New York, United States",Public,AM,No,
Silvana,321,Simon Fraser University,"Burnaby, Canada",Public,AM,No,
Silvana,322,Singapore Management University,"Singapore, Singapore",Public,AM,No,
Silvana,323,Slippery Rock University,"Slippery Rock, Pennsylvania, United States",Public,AM,No,
Silvana,324,Southeast Missouri State University,"Cape Girardeau, Missouri, United States",Public,AM,No,
Silvana,325,Southeastern Louisiana University,"Hammond, Louisiana, United States",Public,AM,No,
Silvana,326,Southeastern Oklahoma State University,"Durant, Oklahoma, United States",Public,AM,Si ,MBA con concentración en Mercadeo MUY DEFICIENTE LO Q SE PUEDE BAJAR- https://online.se.edu/programs/business/mba/marketing-leadership/
Silvana,327,Southern Arkansas University,"Magnolia, Arkansas, United States",Public,AM,No,
Silvana,328,Southern Arkansas University,"Carbondale, Illinois, United States",Public,AM,No,
Silvana,329,Southern Illinois University Edwardsville,"Edwardsville, Illinois, United States",Public,AM,No,
Silvana,330,Southern Methodist University,"Dallas, Texas, United States",Public,AM,No,
Silvana,331,Southern Taiwan University of Science and Technology,"Tainan City, Taiwan",Public,AM,No,
Silvana,332,Southern University and A&M College,"Baton Rouge, Louisiana, United States",Public,AM,No,
Silvana,333,Southern Utah University,"Cedar City, Utah, United States",Public,AM,Si,Master of Business Administration - Marketing Emphasis Online - https://online.suu.edu/degrees/business/mba/marketing/
Silvana,334,St. Bonaventure University,"St. Bonaventure, New York, United States",Public,AM,Si,MBA con concentración en MKT - https://online.sbu.edu/programs/master/mba/marketing
Silvana,335,St. Cloud State University,"Saint Cloud, Minnesota, United States",Public,AM,No,
Silvana,336,St. Edward's University,"Austin, Texas, United States",Public,AM,Si,https://www.stedwards.edu/graduate/master-science-digital-marketing-and-analytics
Silvana,337,St. John Fisher University,"Rochester, New York, United States",Public,AM,No,
Silvana,338,St. John's University,"Queens, New York, United States",Public,AM,No,
Silvana,339,St. Mary's University,"San Antonio, Texas, United States",Public,AM,No,
Silvana,340,Stanford University,"Stanford, California, United States",Public,AM,No,
Silvana,341,State University of New York Brockport,"Brockport, New York, United States",Public,AM,No,
Silvana,342,State University of New York at New Paltz,"New Paltz, New York, United States",Public,AM,No,
Silvana,343,State University of New York at Oswego,"Oswego, New York, United States",Public,AM,No,
Silvana,344,State University of New York at Plattsburgh,"Plattsburgh, New York, United States",Public,AM,No,
Silvana,345,Stephen F. Austin State University,"Nacogdoches, Texas, United States",Public,AM,No,
Silvana,346,Stetson University,"DeLand, Florida, United States",Public,AM,No,
Silvana,347,Stockton University,"Galloway, New Jersey, United States",Public,AM,No,Tiene un mba si tomas 3 cursos puedes tener una concentración pero no se declara en la oferta abierta https://stockton.edu/graduate/business-administration.html
Silvana,348,Stonehill College,"Easton, Massachusetts, United States",Public,AM,Si,Tiene un Msc en Marketing con cuatro énfasis: Guardé en la carpeta con 348 la descripción del general y  con el mismo número y letras los énfasis https://www.stonehill.edu/programs/ms-in-marketing/
Silvana,349,Suffolk University,"Boston, Massachusetts, United States",Public,AM,Si ,Tiene Msc en MKT el cual también se ofrece en doble título en subdisciplinas con MBA https://suffolk.smartcatalogiq.com/en/current/catalog/sawyer-business-school-graduate-programs/marketing/ solo registre el de mercadeo general porq los demás son algunos cursos extras
Silvana,350,Sunway University,"Kuala Lumpur, Malaysia",Public,AM,Si,Ofrece 2: uno online y otro pres. en alianza con Lancaster file:///C:/Users/sm.dakduk/Desktop/AASCB%20MArketing%20Programas/SU%20PG%20Business.pdf los separe en hojas distintas en pdf P350 a P350b
Silvana,351,Swinburne University of Technology,"Melbourne, Australia",Public,AM,Si ,https://www.swinburne.edu.au/course/postgraduate/master-of-marketing/handbook/
Silvana,352,Syracuse University,"Syracuse, New York, United States",Public,AM,Si ,"Ofrece 2: Msc Marketing https://whitman.syracuse.edu/full-time-masters-program/masters-in-marketing , MBA con concentración https://onlinegrad.syracuse.edu/business/mba/specializations/marketing/"
Silvana,353,"T. A. Pai Management Institute, Manipal Academy of Higher Education (Institution of Eminence Deemed to be University)","Manipal, India",Public,AM,Si ,https://www.tapmi.edu.in/programs/mba-marketing/
Silvana,354,TBS Education,"Toulouse Cedex 7, France",Public,AM,Si ,"https://www.tbs-education.com/program/msc-marketing-management-and-communication/, "
Silvana,355,"TIAS School for Business and Society, Tilburg University","Tilburg, Netherlands",Public,AM,No,
Silvana,356,Tarleton State University,"Stephenville, Texas, United States",Public,AM,No,
Silvana,357,"Tasmanian School of Business and Economics, University of Tasmania","Hobart, Australia",Public,AM,Si,https://www.utas.edu.au/courses/bus/courses/c5f-graduate-certificate-in-marketing?year=2023
Silvana,358,Tel Aviv University,"Tel Aviv, Israel",Public,AM,No,
Silvana,359,Temple University,"Philadelphia, Pennsylvania, United States",Public,AM,Si,Digital Marketing - https://bulletin.temple.edu/graduate/scd/fox/digital-marketing-ms/#text
Silvana,360,Tennessee Technological University,"Cookeville, Tennesee, United States",Public,AM,No,
Silvana,361,Texas A&M International University,"Laredo, Texas, United States",Public,AM,No,
Silvana,362,Texas A&M University,"College Station, Texas, United States",Public,AM,Si,https://mays.tamu.edu/graduate/masters/ms-programs/marketing/#AcadOverview
Silvana,363,Texas A&M University-Central Texas,"Killeen, Texas, United States",Public,AM,No,
Silvana,364,Texas A&M University-Commerce,"Commerce, Texas, United States",Public,AM,Si,https://www.tamuc.edu/programs/marketing-and-marketing-analytics-ms/
Silvana,365,Texas A&M University-Corpus Christi,"Corpus Christi, Texas, United States",Public,AM,No,
Silvana,366,Texas A&M University-Kingsville,"Kingsville, Texas, United States",Public,AM,No,
Silvana,367,Texas A&M University-San Antonio,"San Antonio, Texas, United States",Public,AM,No,
Silvana,368,Texas A&M University-Texarkana,"Texarkana, Texas, United States",Public,AM,No,
Silvana,369,Texas Christian University,"Texas, United States",Public,AM,No,
Silvana,370,Texas Southern University,"Houston, Texas, United States",Public,AM,No,
Silvana,371,Texas State University,"San Marcos, Texas, United States",Public,AM,Si ,"Tiene 2 de investigación de mercados, basicamente el mismo con tesis y sin tesis registré solo uno http://mycatalog.txstate.edu/graduate/mccoy-business-administration/marketing/marketing-research-analysis-ms/#text"
Silvana,372,Texas Tech University,"Lubbock, Texas, United States",Public,AM,Si,https://www.depts.ttu.edu/rawlsbusiness/graduate/ms/msmr/
Silvana,373,Texas Wesleyan University,"Fort Worth, Texas, United States",Public,AM,No,
Silvana,374,Texas Woman's University,"Denton, Texas, United States",Public,AM,Si ,MBA con énfasis: https://twu.edu/management-marketing/graduate-programs/mba-marketing/
Silvana,375,Thammasat University,"Bangkok, Thailand",Public,AM,Si NO ABRE LA PÁGINA ,
Silvana,376,The American University - Cairo,"Cairo, Egypt",Public,AM,No,
Silvana,377,The Chinese University of Hong Kong,"New Territories, Hong Kong SAR",Public,AM,Si,https://www.cuhk.edu.hk/english/index.html
Silvana,378,The Citadel,"Charleston, South Carolina, United States",Public,AM,No,
Silvana,379,The College of New Jersey,"Ewing, New Jersey, United States",Public,AM,No,
Silvana,380,The Hong Kong University of Science and Technology,"Kowloon, Hong Kong SAR",Public,AM,Si,https://mscmark.hkust.edu.hk/sites/default/files/MScMARK_Brochure_Online_Version_2024-25.pdf
Silvana,381,The Ohio State University,"Columbus, Ohio, United States",Public,AM,No,
Silvana,382,The Pennsylvania State University,"University Park, Pennsylvania, United States",Public,AM,Si,https://bulletins.psu.edu/graduate/programs/majors/marketing-analytics-insights/
Silvana,383,The Pennsylvania State University at Erie The Behrend College,"Erie, Pennsylvania, United States",Public,AM,No,
Silvana,384,The Pennsylvania State University at Harrisburg,"Middletown, Pennsylvania, United States",Public,AM,No,
Silvana,385,The State University of New York Polytechnic Institute,"Utica, New York, United States",Public,AM,No,
Silvana,386,The University of Adelaide,"Adelaide, Australia",Public,AM,Si,https://www.adelaide.edu.au/degree-finder/2024/mmark_mmarket.html
Silvana,387,The University of Akron,"Akron, Ohio, United States",Public,AM,No,
Silvana,388,The University of Alabama,"Tuscaloosa, Alabama, United States",Public,AM,Si,https://catalog.ua.edu/graduate/business/marketing/ms/ms.pdf
Silvana,389,The University of Auckland,"Auckland, New Zealand",Public,AM,Si ,https://www.auckland.ac.nz/en/study/study-options/find-a-study-option/marketing/postgraduate.html
Silvana,390,The University of Georgia,"Athens, Georgia, United States",Public,AM,No ,Pero tiene uno de inv de mercados tuve la duda si dejarlo https://grad.uga.edu/degree/mmr-marketing-research/
Silvana,391,The University of Hong Kong,"Hong Kong Island, Hong Kong SAR",Public,AM,Si,https://msc.hkubs.hku.hk/uploads/file/202310/ae6ee461dd6b54d871130b98662ac184.pdf
Silvana,392,The University of Hull,"Hull, East Yorkshire, United Kingdom",Public,AM,Si,"Tiene 2 programas: https://www.hull.ac.uk/study/postgraduate/taught/digital-marketing-and-advertising-msc, https://www.hull.ac.uk/study/postgraduate/taught/marketing-management-msc, "
Silvana,393,The University of Iowa,"Iowa City, Iowa, United States",Public,AM,No,
Silvana,394,The University of Liverpool,"Liverpool Merseyside, United Kingdom",Public,AM,Si,"Tiene 3 programas: https://online.liverpool.ac.uk/programmes/msc-digital-marketing/, https://www.liverpool.ac.uk/courses/2024/marketing-msc, https://www.liverpool.ac.uk/courses/2024/digital-marketing-and-analytics-msc"
Silvana,395,The University of Manchester,"Manchester, United Kingdom",Public,AM,Si,"Tiene 3 programas: https://www.manchester.ac.uk/study/masters/courses/list/20294/msc-digital-marketing/, https://www.manchester.ac.uk/study/masters/courses/list/09907/msc-international-fashion-marketing/, "
Silvana,396,The University of Memphis,"Memphis, Tennesee, United States",Public,AM,Si ,Tiene 2 programas https://www.alliancembs.manchester.ac.uk/media/ambs/content-assets/documents/masters/alliance-manchester-business-school-masters-brochure.pdf
Silvana,397,The University of Michigan-Dearborn,"Dearborn, Michigan, United States",Public,AM,Si,https://catalog.umd.umich.edu/graduate/college-business/marketing/marketing.pdf
Silvana,398,The University of Michigan-Flint,"Flint, Michigan, United States",Public,AM,No,
Silvana,399,The University of Mississippi,"Oxford, Mississippi, United States",Public,AM,No,
Silvana,400,The University of Newcastle,"Newcastle, Australia",Public,AM,Si,https://www.newcastle.edu.au/degrees/master-marketing/handbook
Silvana,401,The University of North Carolina at Chapel Hill,"Chapel Hill, North Carolina, United States",Public,AM,Si,https://onlinemba.unc.edu/academics/concentrations/marketing/
Silvana,402,The University of North Carolina at Greensboro,"Greensboro, North Carolina, United States",Public,AM,No,
Silvana,403,The University of North Carolina at Pembroke,"Pembroke, North Carolina, United States",Public,AM,No,
Silvana,404,The University of North Dakota,"Grand Forks, North Dakota, United States",Public,AM,No,
Silvana,405,The University of Queensland,"Brisbane, Australia",Public,AM,No,
Silvana,406,The University of Sheffield,"Sheffield, United Kingdom",Public,AM,Si,https://www.sheffield.ac.uk/postgraduate/taught/courses/2024/international-management-and-marketing-msc
Silvana,407,The University of Sydney,"Sydney, Australia",Public,AM,No,
Silvana,408,The University of Tampa,"Tampa, Florida, United States",Public,AM,Si,http://viewer.zmags.com/publication/8c92b4aa#/8c92b4aa/1
Silvana,409,The University of Texas Permian Basin,"Odessa, Texas, United States",Public,AM,Si,MBA con concentración MKT https://online.utpb.edu/programs/master-of-business-administration/mba-in-marketing/
Silvana,410,The University of Texas Rio Grande Valley,"Edinburg, Texas, United States",Public,AM,Si,MBA con concentración MKT https://utrgv.smartcatalogiq.com/2023-2024/graduate-catalog/graduate-academic-programs-by-college/robert-c-vackar-college-of-business-and-entrepreneurship/department-of-management/business-administration-with-a-specialization-in-marketing-mba-accelerated-online-program/
Silvana,411,The University of Texas at Arlington,"Arlington, Texas, United States",Public,AM,No,Aunque tiene algo de inv. de mercado https://www.uta.edu/academics/programs/marketing-research-ms
Silvana,412,The University of Texas at Austin,"Austin, Texas, United States",Public,AM,Si,"La información de la web es pobre me suscribí para recibir el brochure no llegó sino invitación a hablar con un asesor , descargué lo disponible en el enlace https://www.mccombs.utexas.edu/graduate/specialized-masters/ms-marketing/"
Silvana,413,The University of Texas at Dallas,"Richardson, Texas, United States",Public,AM,Si ,https://www.utdallas.edu/fact-sheets/jsom/ms-marketing/
Silvana,414,The University of Texas at El Paso,"El Paso, Texas, United States",Public,AM,No,
Silvana,415,The University of Texas at San Antonio,"San Antonio, Texas, United States",Public,AM,No,
Silvana,416,The University of Texas at Tyler,"Tyler, Texas, United States",Public,AM,No,
Silvana,417,The University of Tulsa,"Tulsa, Oklahoma, United States",Public,AM,No,
Silvana,418,The University of Waikato,"Hamilton, New Zealand",Public,AM,No,
Silvana,419,"Tilburg School of Economics and Management, Tilburg University","Tilburg, Netherlands",Public,AM,Si ,"Tiene 2: https://www.tilburguniversity.edu/education/masters-programs/marketing-analytics, https://www.tilburguniversity.edu/education/masters-programs/marketing-management"
Silvana,420,Tongji University,"Shanghai, China (Mainland)",Public,AM,No,
Silvana,421,Towson University,"Towson, Maryland, United States",Public,AM,Si,https://www.towson.edu/cbe/departments/marketing/grad/intelligence/
Silvana,422,"Trinity Business School, Trinity College Dublin, the University of Dublin","Dublin, Ireland",Public,AM,Si ,https://www.towson.edu/cbe/departments/marketing/grad/intelligence/
Silvana,423,Trinity University,"San Antonio, Texas, United States",Public,AM,No,
Silvana,424,UNSW Sydney,"Sydney, Australia",Public,AM,No,
Silvana,425,Umeå University,"Umeå, Sweden",Public,AM,Si,https://www.umu.se/en/education/master/masters-programme-in-marketing/programme-syllabus/
Silvana,426,United Arab Emirates University,"Al-Ain, United Arab Emirates",Public,AM,No,
Silvana,427,Universidad Anahuac México,"Huixquilucan, Estudios de Mexico, Mexico",Public,AM,Si,"Tienen 2: https://www.anahuac.mx/mexico/posgrados/sites/default/files/2023-11/Folleto%20Maestr%C3%ADa%20en%20Comunicaci%C3%B3n%20y%20Mercadotecnia%20Versi%C3%B3n%20Actualizada.pdf,  https://www.anahuac.mx/mexico/posgrados/sites/default/files/2023-11/Folleto%20Maestr%C3%ADa%20en%20Comunicaci%C3%B3n%20y%20Mercadotecnia%20Versi%C3%B3n%20Actualizada.pdf"
JC,428,Universidad Carlos III de Madrid,"Getafe, Madrid, Spain",Public,AM,Sí,https://www.uc3m.es/ss/Satellite?blobcol=urldata&blobheader=application%2Fpdf&blobheadername1=Content-Disposition&blobheadername2=Cache-Control&blobheadervalue1=inline%3B+filename%3D%22Graduate_profile_and_competences.pdf%22&blobheadervalue2=private&blobkey=id&blobtable=MungoBlobs&blobwhere=1371556446802&ssbinary=true
JC,429,Universidad Católica del Uruguay,"Montevideo, Uruguay",Public,AM,No,
JC,430,Universidad Icesi,"Cali, Colombia",Public,AM,Sí,https://www.icesi.edu.co/facultad-ciencias-administrativas-economicas/images/posgrado/MMERCADEO/Folleto_Maestria_MERCADEO_2020.pdf
JC,431,Universidad de Chile,"Santiago, Chile",Public,AM,Sí,https://www.postgradouchile.cl/magister/magister-en-marketing-weekend/
JC,432,Universidad de Monterrey,"San Pedro Garza Garcia, Nuevo Leon, Mexico",Public,AM,No,
JC,433,Universidad de las Americas Puebla,"San Andres Cholula, Mexico",Public,AM,Sí,https://www.udlap.mx/maestrias/mercadotecnia/Default.aspx
JC,434,Universidad de los Andes,"Bogotá, Colombia",Public,AM,Sí,
JC,435,Universidad del Pacífico,"Lima, Peru",Public,AM,Sí,
JC,436,Universidade Católica Portuguesa,"Lisbon 1649-023, Portugal",Public,AM,Sí,https://www.clsbe.lisboa.ucp.pt/msc-management-specialization-strategic-marketing/overview
JC,437,Universiti Malaya,"Kuala Lumpur, Malaysia",Public,AM,Sí,https://fpe.um.edu.my/master-of-marketing
JC,438,Universiti Putra Malaysia,"Kuala Lumpur, Malaysia",Public,AM,Ver,https://econ.upm.edu.my/programme/masters/master_by_research-64282
JC,439,Universiti Utara Malaysia,"Jitra, Kedah Darul Aman, Malaysia",Public,AM,No,
JC,440,University College Cork,"Cork, Ireland",Public,AM,Sí,https://ucc-ie-public.courseleaf.com/programmes/mscmg/mscmg.pdf
JC,441,University College Dublin,"Dublin, Ireland",Public,AM,Sí x 4,https://www.smurfitschool.ie/programmes/masters/
JC,442,University of Agder,"Kristiansand, Norway",Public,AM,No,
JC,443,University of Alabama at Birmingham,"Birmingham, Alabama, United States",Public,AM,No,
JC,444,University of Alabama in Huntsville,"Huntsville, Alabama, United States",Public,AM,No,
JC,445,University of Alaska Anchorage,"Anchorage, Alaska, United States",Public,AM,No,
JC,446,University of Alaska Fairbanks,"Fairbanks, Alaska, United States",Public,AM,No,
JC,447,University of Alberta,"Edmonton, Canada",Public,AM,No,
JC,448,University of Arkansas,"Fayetteville, Arkansas, United States",Public,AM,Sí,
JC,449,University of Arkansas at Little Rock,"Little Rock, Arkansas, United States",Public,AM,No,
JC,450,University of Bahrain,"Awali, Bahrain",Public,AM,No,
JC,451,University of Baltimore,"Baltimore, Maryland, United States",Public,AM,No,
JC,452,University of Birmingham,"Birmingham, United Kingdom",Public,AM,Sí,https://www.birmingham.ac.uk/postgraduate/courses/taught/business/marketing
JC,453,University of Bradford,"Bradford, West Yorkshire, United Kingdom",Public,AM,Sí x 4,https://www.bradford.ac.uk/courses/pg/?collection=uob-meta&query=marketing#results
JC,454,University of Calgary,"Calgary, Canada",Public,AM,No,
JC,455,"University of California, Davis","Davis, California, United States",Public,AM,No,
JC,456,"University of California, Los Angeles","Los Angeles, California, United States",Public,AM,No,
JC,457,"University of California, Riverside","Riverside, California, United States",Public,AM,No,
JC,458,University of Canterbury,"Christchurch, New Zealand",Public,AM,No,
JC,459,University of Central Arkansas,"Conway, Arkansas, United States",Public,AM,No,
JC,460,University of Central Florida,"Orlando, Florida, United States",Public,AM,No,
JC,461,University of Central Missouri,"Warrensburg, Missouri, United States",Public,AM,Sí,https://www.ucmo.edu/academics/programs/masters-degrees/hcbps/mba/master-of-business-administration-marketing/index.php
JC,462,University of Central Oklahoma,"Edmond, Oklahoma, United States",Public,AM,No,
JC,463,University of Cincinnati,"Cincinnati, Ohio, United States",Public,AM,No,
JC,464,University of Colorado Colorado Springs,"Colorado Springs, Colorado, United States",Public,AM,No,
JC,465,University of Colorado Denver,"Denver, Colorado, United States",Public,AM,No,
JC,466,University of Colorado at Boulder,"Boulder, Colorado, United States",Public,AM,No,
JC,467,University of Connecticut,"Storrs, Connecticut, United States",Public,AM,No,
JC,468,University of Cyprus,"Aglantzia, Cyprus",Public,AM,No,
JC,469,University of Dayton,"Dayton, Ohio, United States",Public,AM,No,
JC,470,University of Denver,"Denver, Colorado, United States",Public,AM,No,
JC,471,University of Dubai,"Dubai, United Arab Emirates",Public,AM,No,
JC,472,University of Economics in Bratislava,"Bratislava, Slovakia",Public,AM,No,
JC,473,University of Edinburgh,"Edinburgh, United Kingdom",Public,AM,Sí,https://www.business-school.ed.ac.uk/msc/marketing/career-development
JC,474,University of Exeter,"Exeter, United Kingdom",Public,AM,Sí x 2,
JC,475,University of Florida,"Gainesville, Florida, United States",Public,AM,No,
JC,476,University of Galway,"Galway, Ireland",Public,AM,Sí,https://www.universityofgalway.ie/courses/taught-postgraduate-courses/digitalmarketingmsc/#course_why
JC,477,University of Glasgow,"Glasgow, United Kingdom",Public,AM,Sí,https://www.gla.ac.uk/postgraduate/taught/marketingonline/#tab=why
JC,478,University of Groningen,"Groningen, Netherlands",Public,AM,Sí x 2,https://www.rug.nl/masters/msc-marketing-marketing-management/#!why
JC,479,University of Guelph,"Guelph, Canada",Public,AM,Sí,
JC,480,University of Hartford,"West Hartford, Connecticut, United States",Public,AM,No,
JC,481,University of Hawaii at Manoa,"Honolulu, Hawaii, United States",Public,AM,Sí,https://shidler.hawaii.edu/ms/marketing
JC,482,University of Houston,"Houston, Texas, United States",Public,AM,No,
JC,483,University of Houston-Clear Lake,"Houston, Texas, United States",Public,AM,No,
JC,484,University of Houston-Downtown,"Houston, Texas, United States",Public,AM,No,
JC,485,University of Houston-Victoria,"Victoria, Texas, United States",Public,AM,No,
JC,486,University of Huddersfield,"Huddersfield, United Kingdom",Public,AM,Sí,https://courses.hud.ac.uk/full-time/postgraduate/management-with-marketing-msc
JC,487,University of Idaho,"Moscow, Idaho, United States",Public,AM,No,
JC,488,University of Illinois at Chicago,"Chicago, Illinois, United States",Public,AM,No,
JC,489,University of Illinois at Springfield,"Springfield, Illinois, United States",Public,AM,No,
JC,490,University of Illinois at Urbana-Champaign,"Champaign, Illinois, United States",Public,AM,No,
JC,491,University of Kansas,"Lawrence, Kansas, United States",Public,AM,No,
JC,492,University of Kent,"Canterbury, United Kingdom",Public,AM,Sí,https://www.kent.ac.uk/courses/postgraduate/303/marketing
JC,493,University of Kentucky,"Lexington, Kentucky, United States",Public,AM,No,
JC,494,University of Leeds,"Leeds, West Yorkshire, United Kingdom",Public,AM,Sí x 4,https://courses.leeds.ac.uk/j795/marketing-management-with-advertising-msc
JC,495,University of Lethbridge,"Lethbridge, Canada",Public,AM,No,
JC,496,University of Limerick,"Limerick, Ireland",Public,AM,Sí,https://www.ul.ie/gps/course/marketing-consumption-and-society-msc
JC,497,University of Lisbon,"Lisboa, Portugal",Public,AM,Sí,https://www.iseg.ulisboa.pt/en/estudar/mestrados/marketing/
JC,498,University of Ljubljana,"Ljubljana, Slovenia",Public,AM,Sí,http://www.ef.uni-lj.si/graduate/mrktng
JC,499,University of Louisiana at Lafayette,"Lafayette, Louisiana, United States",Public,AM,No,
JC,500,University of Louisiana at Monroe,"Monroe, Louisiana, United States",Public,AM,No,
JC,501,University of Louisville,"Louisville, Kentucky, United States",Public,AM,No,
JC,502,University of Macau,"Taipa, Macau SAR",Public,AM,No,
JC,503,University of Manitoba,"Winnipeg, Canada",Public,AM,No,
JC,504,University of Mannheim,"Mannheim, Germany",Public,AM,No,
JC,505,University of Maribor,"Maribor, Slovenia",Public,AM,No,
JC,506,University of Maryland,"College Park, Maryland, United States",Public,AM,Sí,https://drive.google.com/file/d/1OOukzprtr9DpJkScFrAuF00kx9ShqUi6/view
JC,507,University of Massachusetts Amherst,"Amherst, Massachusetts, United States",Public,AM,No,
JC,508,University of Massachusetts Dartmouth,"North Dartmouth, Massachusetts, United States",Public,AM,No,
JC,509,University of Melbourne,"Melbourne, Australia",Public,AM,Sí x 2,https://study.unimelb.edu.au/find/courses/graduate/master-of-digital-marketing/
JC,510,University of Miami,"Coral Gables, Florida, United States",Public,AM,No,
JC,511,University of Minnesota,"Minneapolis, Minnesota, United States",Public,AM,Sí pero no dice nada,https://carlsonschool.umn.edu/graduate/masters/marketing/curriculum
JC,512,University of Minnesota Duluth,"Duluth, Minnesota, United States",Public,AM,No,
JC,513,University of Missouri,"Columbia, Missouri, United States",Public,AM,No,
JC,514,University of Missouri-Kansas City,"Kansas City, Missouri, United States",Public,AM,No,
JC,515,University of Montana,"Missoula, Montana, United States",Public,AM,No,
JC,516,University of Montevallo,"Montevallo, Alabama, United States",Public,AM,No,
JC,517,University of Münster,"Muenster, Germany",Public,AM,No,
JC,518,University of Nebraska at Kearney,"Kearney, Nebraska, United States",Public,AM,No,
JC,519,University of Nebraska at Omaha,"Omaha, Nebraska, United States",Public,AM,No,
JC,520,University of Nebraska-Lincoln,"Lincoln, Nebraska, United States",Public,AM,No,
JC,521,"University of Nevada, Las Vegas","Las Vegas, Nevada, United States",Public,AM,No,
JC,522,"University of Nevada, Reno","Reno, Nevada, United States",Public,AM,No,
JC,523,University of New Haven,"West Haven, Connecticut, United States",Public,AM,No,
JC,524,University of New Orleans,"New Orleans, Louisiana, United States",Public,AM,No,
JC,525,University of North Alabama,"Florence, Alabama, United States",Public,AM,No,
JC,526,University of North Carolina Wilmington,"Wilmington, North Carolina, United States",Public,AM,No,
JC,527,University of North Carolina at Charlotte,"Charlotte, North Carolina, United States",Public,AM,No,
JC,528,University of North Florida,"Jacksonville, Florida, United States",Public,AM,No,
JC,529,University of North Georgia,"Dahlonega, Georgia, United States",Public,AM,No,
JC,530,University of North Texas,"Denton, Texas, United States",Public,AM,No,
JC,531,University of Northern Colorado,"Greeley, Colorado, United States",Public,AM,No,
JC,532,University of Northern Iowa,"Cedar Falls, Iowa, United States",Public,AM,No,
JC,533,University of Notre Dame,"Notre Dame, Indiana, United States",Public,AM,No,
JC,534,University of Nottingham,"Nottingham, United Kingdom",Public,AM,Sí x 3,https://www.nottingham.ac.uk/business/study-with-us/masters/index.aspx
JC,535,University of Oklahoma,"Norman, Oklahoma, United States",Public,AM,No,
JC,536,University of Oregon,"Eugene, Oregon, United States",Public,AM,No,
JC,537,University of Otago,"Dunedin, New Zealand",Public,AM,Sí,https://www.otago.ac.nz/__data/assets/pdf_file/0027/307476/master-of-marketing-information-sheet-831563.pdf
JC,538,University of Oulu,"Oulu, Finland",Public,AM,Sí,https://www.oulu.fi/en/apply/masters-sustainable-marketing
JC,539,University of Pittsburgh,"Pittsburgh, Pennsylvania, United States",Public,AM,Sí,
JC,540,University of Portland,"Portland, Oregon, United States",Public,AM,No,
JC,541,University of Porto,"Porto, Portugal",Public,AM,No,
JC,542,University of Puerto Rico at Rio Piedras,"San Juan, Puerto Rico, United States",Public,AM,No,
JC,543,University of Richmond,"Richmond, Virginia, United States",Public,AM,No,
JC,544,University of Rochester,"Rochester, New York, United States",Public,AM,Sí,https://simon.rochester.edu/programs/full-time-ms-in-marketing-analytics/academics
JC,545,University of San Diego,"San Diego, California, United States",Public,AM,No,
JC,546,University of San Francisco,"San Francisco, California, United States",Public,AM,Sí,https://www.usfca.edu/management/programs/graduate/marketing-intelligence/program-overview
JC,547,University of Saskatchewan,"Saskatoon, Canada",Public,AM,Sí,https://www.edwards.usask.ca/mscmarketing/index.aspx
JC,548,University of Scranton,"Scranton, Pennsylvania, United States",Public,AM,No,
JC,549,University of Sharjah,"Sharjah, United Arab Emirates",Public,AM,No,
JC,550,University of South Alabama,"Mobile, Alabama, United States",Public,AM,No,
JC,551,University of South Australia,"Adelaide, Australia",Public,AM,No,
JC,552,University of South Carolina,"Columbia, South Carolina, United States",Public,AM,No,
JC,553,University of South Carolina Upstate,"Spartanburg, South Carolina, United States",Public,AM,No,
JC,554,University of South Dakota,"Vermillion, South Dakota, United States",Public,AM,No,
JC,555,University of South Florida,"Tampa, Florida, United States",Public,AM,No,
JC,556,University of Southampton,"Southampton, Hampshire, United Kingdom",Public,AM,Sí x 4,https://www.southampton.ac.uk/courses/postgraduate?keyword_filter=#postgraduate-section-m
JC,557,University of Southern California,"Los Angeles, California, United States",Public,AM,No,
JC,558,University of Southern Mississippi,"Hattiesburg, Mississippi, United States",Public,AM,No,
JC,559,University of St. Thomas-Houston,"Houston, Texas, United States",Public,AM,No,
JC,560,University of St. Thomas-Minnesota,"Minneapolis, Minnesota, United States",Public,AM,No,
JC,561,University of St.Gallen,"St. Gallen, Switzerland",Public,AM,Sí,https://www.unisg.ch/en/studying/programmes/master/master-in-marketing-management-mimm/
JC,562,University of Strathclyde,"Glasgow, United Kingdom",Public,AM,Sí,https://www.strath.ac.uk/courses/postgraduatetaught/marketing/
JC,563,University of Surrey,"Guildford, Surrey, United Kingdom",Public,AM,No,
JC,564,University of Technology Sydney,"Sydney, Australia",Public,AM,Sí,https://www.uts.edu.au/study/find-a-course/master-marketing
JC,565,University of Tennessee at Chattanooga,"Chattanooga, Tennesee, United States",Public,AM,,
JC,566,University of Tennessee at Knoxville,"Knoxville, Tennesee, United States",Public,AM,,
JC,567,University of Tennessee at Martin,"Martin, Tennesee, United States",Public,AM,,
JC,568,University of Toledo,"Toledo, Ohio, United States",Public,AM,,
JC,569,University of Turku,"Turku, Finland",Public,AM,,
JC,570,University of Utah,"Salt Lake City, Utah, United States",Public,AM,,
JC,571,University of Vermont,"Burlington, Vermont, United States",Public,AM,,
JC,572,University of Virginia-McIntire,"Charlottesville, Virginia, United States",Public,AM,,
JC,573,University of Washington,"Seattle, Washington, United States",Public,AM,,
JC,574,University of Washington Bothell,"Bothell, Washington, United States",Public,AM,,
JC,575,University of Washington Tacoma,"Tacoma, Washington, United States",Public,AM,,
JC,576,University of West Florida,"Pensacola, Florida, United States",Public,AM,,
JC,577,University of West Georgia,"Carrollton, Georgia, United States",Public,AM,,
JC,578,University of Western Australia,"Perth, Australia",Public,AM,,
JC,579,University of Wisconsin Oshkosh,"Oshkosh, Wisconsin, United States",Public,AM,,
JC,580,University of Wisconsin-Eau Claire,"Eau Claire, Wisconsin, United States",Public,AM,,
JC,581,University of Wisconsin-Madison,"Madison, Wisconsin, United States",Public,AM,,
JC,582,University of Wisconsin-Parkside,"Kenosha, Wisconsin, United States",Public,AM,,
JC,583,University of Wisconsin-Stevens Point,"Stevens Point, Wisconsin, United States",Public,AM,,
JC,584,University of Wisconsin-Whitewater,"Whitewater, Wisconsin, United States",Public,AM,,
JC,585,University of Wollongong,"Wollongong, Australia",Public,AM,,
JC,586,University of Wyoming,"Laramie, Wyoming, United States",Public,AM,,
JC,587,University of the Pacific,"Stockton, California, United States",Public,AM,,
JC,588,Utah State University,"Logan, Utah, United States",Public,AM,,
JC,589,Utah Valley University,"Orem, Utah, United States",Public,AM,,
JC,590,Valdosta State University,"Valdosta, Georgia, United States",Public,AM,,
JC,591,Valparaiso University,"Valparaiso, Indiana, United States",Public,AM,,
JC,592,Vanderbilt University,"Nashville, Tennesee, United States",Public,AM,,
JC,593,Villanova University,"Villanova, Pennsylvania, United States",Public,AM,,
JC,594,Virginia Commonwealth University,"Richmond, Virginia, United States",Public,AM,,
JC,595,Virginia Polytechnic Institute and State University,"Blacksburg, Virginia, United States",Public,AM,,
JC,596,WU Vienna University of Economics and Business,"Vienna, Austria",Public,AM,,
JC,597,Washburn University,"Topeka, Kansas, United States",Public,AM,,
JC,598,Washington State University,"Pullman, Washington, United States",Public,AM,,
JC,599,Washington University in St. Louis,"St. Louis, Missouri, United States",Public,AM,,
JC,600,Wayne State University,"Detroit, Michigan, United States",Public,AM,,
JC,601,West Chester University of PA,"West Chester, Pennsylvania, United States",Public,AM,No,
JC,602,West Texas A&M University,"Canyon, Texas, United States",Public,AM,No,
JC,603,West Virginia University,"Morgantown, West Virginia, United States",Public,AM,No,Tiene un PhD en Marketing
JC,604,Western Carolina University,"Cullowhee, North Carolina, United States",Public,AM,No,
JC,605,Western Connecticut State University,"Danbury, Connecticut, United States",Public,AM,No,
JC,606,Western Illinois University,"Macomb, Illinois, United States",Public,AM,No,
JC,607,Western Kentucky University,"Bowling Green, Kentucky, United States",Public,AM,No,
JC,608,Western Michigan University,"Kalamazoo, Michigan, United States",Public,AM,No,
JC,609,Western New England University,"Springfield, Massachusetts, United States",Public,AM,No,
JC,610,Western Sydney University,"Parramatta, Australia",Public,AM,Sí,
JC,611,Western Washington University,"Bellingham, Washington, United States",Public,AM,No,
JC,612,Whitworth University,"Spokane, Washington, United States",Public,AM,No,
JC,613,Widener University,"Chester, Pennsylvania, United States",Public,AM,No,
JC,614,William Paterson University,"Wayne, New Jersey, United States",Public,AM,No,Tiene como énfasis del MBA
JC,615,Winona State University,"Winona, Minnesota, United States",Public,AM,No,
JC,616,Woodbury University,"Burbank, California, United States",Public,AM,No,
JC,617,Wright State University,"Dayton, Ohio, United States",Public,AM,Sí,https://business.wright.edu/marketing/master-of-science-in-marketing-analytics-and-insights
JC,618,Xavier University,"Cincinnati, Ohio, United States",Public,AM,No,Tiene como énfasis del MBA
JC,619,Yale University,"New Haven, Connecticut, United States",Public,AM,No,
JC,620,Yonsei University,"Seoul, South Korea",Public,AM,No,
JC,621,Youngstown State University,"Youngstown, Ohio, United States",Public,AM,No,
JC,622,Yuan Ze University,"Taoyuan City, Taiwan",Public,AM,Sí,https://www.cm.yzu.edu.tw/EN/Page/C2.aspx?ItemId=334
